loan_id,schedule_id,Expected_payment_date,Expected_payment_amount
32u09wekjbfje,3434r409km123456,02/27/2021,100790.3333
32u09wekjbfje,3434r409km123457,03/27/2021,100790.3333
32u09wekjbfje,3434r409km123458,04/27/2021,100790.3333
32u09wekjbfje,3434r409km123459,05/27/2021,100790.3333
32u09wekjbfje,3434r409km123460,06/27/2021,100790.3333
32u09wekjbfje,3434r409km123461,07/27/2021,100790.3333
32u09wekjbfje,3434r409km123462,08/27/2021,100790.3333
32u09wekjbfje,3434r409km123463,09/27/2021,100790.3333
32u09wekjbfje,3434r409km123464,10/27/2021,100790.3333
32u09wekjbfje,3434r409km123465,11/27/2021,100790.3333
32u09wekjbfje,3434r409km123466,12/27/2021,100790.3333
32u09wekjbfje,3434r409km123467,01/27/2022,100790.3333
9190i0-nbfb,ij3949nfnjnfb42345,03/02/2021,516417.9583
9190i0-nbfb,ij3949nfnjnfb42346,04/02/2021,516417.9583
9190i0-nbfb,ij3949nfnjnfb42347,05/02/2021,516417.9583
9190i0-nbfb,ij3949nfnjnfb42348,06/02/2021,516417.9583
9190i0-nbfb,ij3949nfnjnfb42349,07/02/2021,516417.9583
9190i0-nbfb,ij3949nfnjnfb42350,08/02/2021,516417.9583
9190i0-nbfb,ij3949nfnjnfb42351,09/02/2021,516417.9583
9190i0-nbfb,ij3949nfnjnfb42352,10/02/2021,516417.9583
9190i0-nbfb,ij3949nfnjnfb42353,11/02/2021,516417.9583
9190i0-nbfb,ij3949nfnjnfb42354,12/02/2021,516417.9583
9190i0-nbfb,ij3949nfnjnfb42355,01/02/2022,516417.9583
9190i0-nbfb,ij3949nfnjnfb42356,02/02/2022,516417.9583
9190i0-nbfb,ij3949nfnjnfb42357,03/02/2022,516417.9583
9190i0-nbfb,ij3949nfnjnfb42358,04/02/2022,516417.9583
9190i0-nbfb,ij3949nfnjnfb42359,05/02/2022,516417.9583
9190i0-nbfb,ij3949nfnjnfb42360,06/02/2022,516417.9583
9190i0-nbfb,ij3949nfnjnfb42361,07/02/2022,516417.9583
9190i0-nbfb,ij3949nfnjnfb42362,08/02/2022,516417.9583
9190i0-nbfb,ij3949nfnjnfb42363,09/02/2022,516417.9583
9190i0-nbfb,ij3949nfnjnfb42364,10/02/2022,516417.9583
9190i0-nbfb,ij3949nfnjnfb42365,11/02/2022,516417.9583
9190i0-nbfb,ij3949nfnjnfb42366,12/02/2022,516417.9583
9190i0-nbfb,ij3949nfnjnfb42367,01/02/2023,516417.9583
9190i0-nbfb,ij3949nfnjnfb42368,02/02/2023,516417.9583
09u924rbwf,9924rmnkvknv364783,05/16/2021,1271803.806
09u924rbwf,9924rmnkvknv364784,06/16/2021,1271803.806
09u924rbwf,9924rmnkvknv364785,07/16/2021,1271803.806
09u924rbwf,9924rmnkvknv364786,08/16/2021,1271803.806
09u924rbwf,9924rmnkvknv364787,09/16/2021,1271803.806
09u924rbwf,9924rmnkvknv364788,10/16/2021,1271803.806
09u924rbwf,9924rmnkvknv364789,11/16/2021,1271803.806
09u924rbwf,9924rmnkvknv364790,12/16/2021,1271803.806
09u924rbwf,9924rmnkvknv364791,01/16/2022,1271803.806
09u924rbwf,9924rmnkvknv364792,02/16/2022,1271803.806
09u924rbwf,9924rmnkvknv364793,03/16/2022,1271803.806
09u924rbwf,9924rmnkvknv364794,04/16/2022,1271803.806
09u924rbwf,9924rmnkvknv364795,05/16/2022,1271803.806
09u924rbwf,9924rmnkvknv364796,06/16/2022,1271803.806
09u924rbwf,9924rmnkvknv364797,07/16/2022,1271803.806
09u924rbwf,9924rmnkvknv364798,08/16/2022,1271803.806
09u924rbwf,9924rmnkvknv364799,09/16/2022,1271803.806
09u924rbwf,9924rmnkvknv364800,10/16/2022,1271803.806
09u924rbwf,9924rmnkvknv364801,11/16/2022,1271803.806
09u924rbwf,9924rmnkvknv364802,12/16/2022,1271803.806
09u924rbwf,9924rmnkvknv364803,01/16/2023,1271803.806
09u924rbwf,9924rmnkvknv364804,02/16/2023,1271803.806
09u924rbwf,9924rmnkvknv364805,03/16/2023,1271803.806
09u924rbwf,9924rmnkvknv364806,04/16/2023,1271803.806
09u924rbwf,9924rmnkvknv364807,05/16/2023,1271803.806
09u924rbwf,9924rmnkvknv364808,06/16/2023,1271803.806
09u924rbwf,9924rmnkvknv364809,07/16/2023,1271803.806
09u924rbwf,9924rmnkvknv364810,08/16/2023,1271803.806
09u924rbwf,9924rmnkvknv364811,09/16/2023,1271803.806
09u924rbwf,9924rmnkvknv364812,10/16/2023,1271803.806
09u924rbwf,9924rmnkvknv364813,11/16/2023,1271803.806
09u924rbwf,9924rmnkvknv364814,12/16/2023,1271803.806
09u924rbwf,9924rmnkvknv364815,01/16/2024,1271803.806
09u924rbwf,9924rmnkvknv364816,02/16/2024,1271803.806
09u924rbwf,9924rmnkvknv364817,03/16/2024,1271803.806
09u924rbwf,9924rmnkvknv364818,04/16/2024,1271803.806
3240-9rfwb,klnin09u4nj33464,04/26/2021,102907.5
3240-9rfwb,klnin09u4nj33465,05/26/2021,102907.5
3240-9rfwb,klnin09u4nj33466,06/26/2021,102907.5
3240-9rfwb,klnin09u4nj33467,07/26/2021,102907.5
3240-9rfwb,klnin09u4nj33468,08/26/2021,102907.5
3240-9rfwb,klnin09u4nj33469,09/26/2021,102907.5
3240-9rfwb,klnin09u4nj33470,10/26/2021,102907.5
3240-9rfwb,klnin09u4nj33471,11/26/2021,102907.5
3240-9rfwb,klnin09u4nj33472,12/26/2021,102907.5
3240-9rfwb,klnin09u4nj33473,01/26/2022,102907.5
3240-9rfwb,klnin09u4nj33474,02/26/2022,102907.5
3240-9rfwb,klnin09u4nj33475,03/26/2022,102907.5